label,files,seq_count,lengths,min,max,median,file_count
"Bacillus andreraoultii,",['/data/genomes/GenSeq_fastas/valid/GCF_000752395.1_Bacillus_andreraoultii_genomic.fna'],58,"[868, 920, 910, 1074, 1405, 1339, 1171, 1342, 1202, 1826, 72945, 269004, 632, 170766, 584, 993, 161574, 12771, 1890, 1095, 34845, 32520, 79742, 169196, 2562, 9642, 8181, 8066, 15124, 34617, 30938, 22146, 42871, 998, 11612, 15852, 2335, 41038, 4507, 4182, 454841, 89760, 201903, 17845, 111550, 619909, 70072, 97337, 14444, 15318, 69989, 2637, 213729, 13428, 34446, 350929, 394510, 2169]",584,619909,14784.0,1
Bacillus cereus,"['/data/genomes/GenSeq_fastas/valid/GCF_000007825.1_ASM782v1_genomic.fna', '/data/genomes/GenSeq_fastas/train/GCF_000007825.1_ASM782v1_genomic.fna']",2,"[5411809, 5411809]",5411809,5411809,5411809.0,2
Bacillus coahuilensis,['/data/genomes/GenSeq_fastas/train/GCF_000171615.1_ASM17161v1_genomic.fna'],138,"[4303, 895, 2001, 4482, 2042, 2833, 3604, 1513, 12592, 96, 951, 103, 151, 898, 806, 121, 430, 1020, 71, 839, 605, 134, 98, 927, 141, 107, 1358, 807, 74, 926, 1195, 655, 885, 130, 84, 184, 66, 688, 143, 143, 53, 162, 488, 68, 122, 294, 205, 307, 580, 675, 2374, 627, 391, 270, 196, 624, 487, 97, 1251, 658, 172, 172, 175, 536, 3785, 2525, 6649, 1379, 1668, 6216, 25127, 37003, 92904, 48603, 67194, 13538, 758, 41904, 249769, 63867, 70645, 26291, 39623, 46314, 8350, 33001, 57078, 137632, 39548, 22344, 57367, 28702, 56306, 48237, 25522, 24486, 108135, 6776, 48406, 8153, 13668, 111150, 14896, 9012, 12966, 24193, 57362, 11443, 118392, 31090, 256263, 11189, 18845, 5000, 58593, 12456, 12947, 78366, 34022, 27932, 97950, 33405, 76668, 39154, 13358, 120210, 45985, 12720, 84413, 44625, 5557, 56696, 39415, 59758, 3449, 56525, 21653, 34135]",53,256263,4741.0,1
Bacillus eiseniae,['/data/genomes/GenSeq_fastas/valid/GCF_001636325.1_ASM163632v1_genomic.fna'],9,"[2774433, 1427587, 1120851, 134134, 10985, 1412, 597, 565, 513]",513,2774433,10985.0,1
Bacillus krulwichiae,['/data/genomes/GenSeq_fastas/train/GCF_002109385.1_ASM210938v1_genomic.fna'],1,[4610863],4610863,4610863,4610863.0,1
Bacillus mannanilyticus,['/data/genomes/GenSeq_fastas/train/GCF_000615945.1_ASM61594v1_genomic.fna'],108,"[595, 603, 674, 705, 713, 727, 737, 755, 846, 910, 931, 944, 1055, 1152, 1195, 1205, 1323, 1408, 1457, 1474, 1593, 1731, 1769, 2366, 2446, 2564, 2883, 3099, 3301, 3517, 3900, 3978, 4842, 5179, 5526, 6684, 6745, 7597, 7784, 11951, 12158, 12493, 12683, 13244, 13346, 14021, 14733, 15860, 16140, 16487, 16627, 17043, 17762, 18922, 19690, 22845, 24792, 25517, 27018, 28700, 35805, 36646, 40737, 41160, 41510, 41631, 43723, 44369, 48378, 48408, 49953, 53931, 53951, 54121, 60498, 60723, 61053, 61095, 68540, 72270, 72574, 74881, 75340, 75622, 79606, 80059, 80368, 80583, 81171, 83087, 85336, 85475, 87359, 88535, 88552, 94821, 96404, 96396, 103425, 105736, 110084, 131543, 148913, 153012, 178323, 191920, 201459, 216565]",595,216565,19306.0,1
Bacillus massilioanorexius,['/data/genomes/GenSeq_fastas/train/GCF_000321185.1_ASM32118v1_genomic.fna'],120,"[578, 585, 585, 738, 741, 772, 772, 801, 821, 906, 968, 1088, 1229, 1237, 1475, 1578, 1622, 2135, 2200, 1412, 3008, 4549, 10803, 16739, 13296, 9167, 50191, 34036, 30071, 66738, 66908, 39618, 30380, 6447, 19319, 76646, 17644, 22794, 72724, 1213, 35271, 4586, 91966, 36685, 91445, 12253, 89163, 1626, 45599, 72692, 68429, 32014, 2381, 1878, 5202, 127523, 107849, 1667, 55917, 30588, 40588, 50454, 9069, 5959, 78843, 8778, 32513, 12835, 30282, 67916, 41418, 7583, 64848, 49109, 13661, 45744, 25596, 18025, 6664, 35249, 19936, 5262, 211859, 125201, 186951, 27315, 195463, 69587, 34360, 4719, 17573, 50912, 45079, 439719, 4353, 19705, 36637, 16602, 23310, 78807, 52614, 143686, 9705, 17750, 11184, 2475, 46697, 2515, 79838, 53981, 43470, 10184, 74705, 9300, 45169, 4120, 26443, 134373, 31287, 1692]",578,439719,19820.5,1
Bacillus panaciterrae,['/data/genomes/GenSeq_fastas/train/GCF_000430785.1_ASM43078v1_genomic.fna'],189,"[305160, 283148, 223212, 186173, 145927, 142230, 119764, 118850, 111306, 108976, 107514, 105761, 99740, 94839, 94439, 94212, 93870, 85627, 83613, 79793, 79697, 77298, 77312, 73792, 71284, 68984, 67508, 66750, 59238, 58720, 58892, 57347, 54744, 53174, 49148, 47880, 44499, 39785, 38628, 38542, 38390, 35451, 34932, 33051, 31188, 30959, 29538, 28586, 27955, 26841, 26550, 25984, 25557, 25500, 25181, 24639, 24487, 24190, 22118, 22021, 21482, 20777, 20761, 19933, 19703, 18852, 18683, 18300, 17830, 17441, 17396, 18405, 16843, 16717, 15647, 15314, 15158, 14928, 14901, 14518, 13737, 13541, 13426, 13113, 12559, 12473, 12419, 12322, 12039, 11950, 11863, 11601, 11383, 11117, 10932, 10732, 10545, 10288, 10247, 10062, 9740, 9674, 9613, 14104, 9498, 9339, 9397, 9396, 9042, 8758, 8718, 8570, 8354, 8272, 7782, 7371, 7309, 7182, 7137, 6824, 6756, 6409, 6313, 6188, 5926, 5874, 5602, 5489, 5426, 5377, 5340, 5202, 5077, 4871, 4782, 4658, 4627, 4587, 4491, 4474, 3881, 3849, 3690, 3620, 3583, 3486, 3303, 3240, 3160, 3155, 3101, 3054, 2842, 2782, 2533, 2446, 2414, 2257, 2249, 2244, 2199, 2131, 2080, 2041, 1939, 1915, 1864, 1840, 1832, 1810, 1761, 1735, 1666, 1606, 1602, 1589, 1577, 1488, 1427, 1389, 1385, 1368, 1333, 1297, 1258, 1224, 1202, 1151, 1112]",1112,305160,11117.0,1
Bacillus psychrosaccharolyticus,['/data/genomes/GenSeq_fastas/train/GCF_000305495.1_BacPsy2.0_genomic.fna'],265,"[76186, 13662, 25266, 30896, 30675, 31761, 26421, 23628, 60429, 14168, 28654, 28112, 21942, 24043, 47473, 40497, 71658, 47356, 1202, 1970, 32509, 2480, 23781, 2720, 43897, 13383, 2689, 19566, 6868, 17806, 51421, 44914, 40536, 13905, 18620, 131892, 45206, 28427, 21043, 8199, 40656, 4609, 8350, 40136, 79849, 15873, 30324, 26207, 24084, 9173, 7706, 8619, 27150, 7926, 101103, 15032, 29998, 38441, 47049, 50199, 76481, 65228, 52216, 22178, 24791, 60868, 26590, 16848, 12013, 28516, 10011, 26874, 147599, 10069, 59228, 14051, 17153, 13319, 40666, 12861, 50586, 38142, 66962, 28776, 29779, 22335, 15706, 3413, 5545, 38329, 2150, 13381, 29775, 12844, 2703, 4500, 3913, 5671, 6663, 8413, 6903, 12013, 13202, 29806, 32174, 30381, 19047, 21413, 18597, 34104, 38736, 41580, 85546, 212, 212, 214, 219, 239, 241, 245, 249, 249, 270, 279, 279, 281, 308, 307, 345, 420, 473, 486, 491, 496, 559, 569, 596, 633, 644, 646, 678, 744, 821, 849, 872, 880, 893, 931, 948, 985, 1106, 1162, 1176, 1189, 1216, 1248, 1256, 1352, 1411, 1470, 1471, 1515, 1553, 1592, 1603, 1629, 1656, 1659, 1663, 1736, 1803, 1816, 1836, 1960, 2167, 2269, 2340, 2403, 2453, 2519, 2555, 2574, 2945, 3100, 3179, 3407, 3505, 3517, 3545, 3585, 3616, 3705, 3764, 3850, 4040, 4207, 4304, 4310, 4329, 4485, 4576, 5332, 5784, 5881, 6416, 6673, 6691, 6886, 7217, 7287, 7297, 7304, 7312, 7325, 7366, 7405, 7492, 7875, 9349, 9440, 9521, 10012, 10207, 10896, 10948, 12121, 12146, 12738, 12909, 12997, 13107, 13621, 13626, 13930, 13990, 15168, 15308, 15507, 15790, 15788, 16548, 17146, 17644, 18801, 19313, 19866, 19997, 21970, 23050, 23141, 24266, 24885, 25283, 26960, 28542, 30969, 32859, 33458, 36360, 37460, 38603, 39970, 42104, 43036, 46478]",212,147599,10012.0,1
Bacillus solani,['/data/genomes/GenSeq_fastas/train/GCF_001420595.1_ASM142059v1_genomic.fna'],12,"[1363, 1101, 763, 660, 592, 1673, 1642, 1512, 1444, 15646, 4991450, 297757]",592,4991450,1478.0,1
Bacillus subterraneus,['/data/genomes/GenSeq_fastas/train/GCF_000934845.1_ASM93484v1_genomic.fna'],208,"[56773, 22630, 18656, 24228, 34987, 27338, 37257, 73224, 18468, 31953, 14743, 18630, 9293, 68776, 28446, 65438, 13406, 15461, 6213, 22427, 11815, 4142, 55934, 68085, 51284, 4840, 31228, 19017, 12775, 7825, 39838, 23781, 17896, 69360, 66106, 18284, 49104, 32554, 34976, 35246, 22886, 13797, 50027, 27000, 17009, 48334, 23149, 28039, 31122, 17425, 8501, 48593, 21370, 6594, 20270, 12661, 52635, 16615, 16246, 12067, 19586, 34227, 4112, 1530, 9433, 13469, 34676, 127540, 17109, 1625, 12692, 13494, 13759, 3275, 1755, 25072, 9291, 7930, 33440, 5003, 10549, 4771, 7002, 14732, 33052, 3264, 1762, 6635, 4279, 42459, 15046, 4929, 6653, 20082, 8006, 7107, 2559, 3942, 7744, 2275, 103082, 1494, 7217, 2726, 3414, 1705, 9254, 1121, 1740, 1151, 1682, 70937, 47277, 397, 822, 653, 1394, 490, 743, 271, 645, 347, 39803, 626, 959, 362, 280, 300, 276, 276, 302, 214, 48144, 17479, 29127, 11212, 24303, 7389, 24238, 28348, 31133, 44256, 26579, 30268, 76320, 14336, 11410, 12227, 2954, 13726, 9354, 5151, 6804, 2419, 3700, 14266, 2337, 1050, 608, 378, 53418, 45118, 18845, 16324, 66903, 30534, 30419, 26986, 3631, 48431, 16114, 45441, 12363, 734, 48666, 5654, 20692, 4133, 900, 3116, 420, 440, 467, 346, 13086, 619, 16437, 15553, 21817, 744, 34300, 18564, 267, 254, 2454, 876, 1451, 608, 214, 207, 371, 213, 6702, 201, 39214, 2732, 33775, 35114]",201,127540,12930.5,1
Bacillus thermoamylovorans,['/data/genomes/GenSeq_fastas/valid/GCF_000751775.1_A1A_genomic.fna'],106,"[37252, 7695, 17560, 15374, 14841, 58476, 13648, 23978, 25447, 117149, 25679, 34604, 25916, 49999, 22531, 2351, 28047, 24905, 7869, 28275, 22125, 99686, 20069, 8259, 5612, 13508, 19260, 47165, 3851, 35575, 8965, 20794, 1602, 3207, 181488, 32866, 17588, 88327, 94727, 33645, 9940, 33022, 26013, 114456, 172431, 16807, 51737, 6355, 19864, 52163, 8226, 63684, 7212, 11617, 2862, 5955, 6253, 7997, 13186, 16819, 190119, 61060, 7245, 105122, 62875, 58353, 36178, 75104, 18977, 15689, 27532, 74081, 27244, 2455, 9355, 8148, 29978, 10692, 85594, 11714, 54551, 12279, 83364, 27945, 18211, 2561, 20169, 34470, 23212, 24849, 11673, 21682, 20724, 27410, 15324, 50940, 2790, 39556, 37130, 12820, 37643, 116262, 55618, 6061, 42730, 3068]",1602,190119,22871.5,1
Bacillus vallismortis,['/data/genomes/GenSeq_fastas/train/GCF_000245315.1_ASM24531v1_genomic.fna'],80,"[1005, 1039, 29113, 1021, 50228, 24477, 1008, 1119, 1037, 65685, 1150, 63400, 1000, 45869, 43514, 1044, 15930, 40997, 59915, 1005, 2749, 46000, 1030, 1960, 130998, 3436, 39436, 11266, 12447, 142037, 8798, 17319, 1079, 1873, 1287, 2121, 1340, 1043, 1015, 1433, 471293, 1079, 1053, 1073, 179757, 299049, 301028, 310426, 1862, 59844, 1013, 28624, 21321, 21441, 60282, 1479, 1799, 51856, 20485, 3206, 1015, 1047, 95653, 70896, 129616, 18191, 73650, 16548, 119266, 73877, 84352, 31945, 45747, 159819, 30130, 17260, 187789, 1082, 1041, 1094]",1000,471293,16904.0,1
Clostridium aceticum,"['/data/genomes/GenSeq_fastas/valid/GCF_001042715.1_ASM104271v1_genomic.fna', '/data/genomes/GenSeq_fastas/train/GCF_001042715.1_ASM104271v1_genomic.fna']",2,"[4201318, 4201318]",4201318,4201318,4201318.0,2
Clostridium amylolyticum,['/data/genomes/GenSeq_fastas/train/GCF_900142075.1_IMG-taxon_2703719061_annotated_assembly_genomic.fna'],20,"[5127, 1244, 1353, 26677, 32847, 51612, 65179, 929585, 613156, 372031, 600522, 59845, 356652, 277778, 84372, 249415, 168005, 133928, 103726, 129402]",1244,929585,116564.0,1
Clostridium butyricum,['/data/genomes/GenSeq_fastas/train/GCF_001456065.2_ASM145606v2_genomic.fna'],2,"[3824894, 803000]",803000,3824894,2313947.0,1
Clostridium chauvoei,['/data/genomes/GenSeq_fastas/train/GCF_900168365.1_JF4335_genomic.fna'],1,[2887451],2887451,2887451,2887451.0,1
Clostridium haemolyticum,['/data/genomes/GenSeq_fastas/train/GCF_000768575.1_NCTC8350_1.0_genomic.fna'],234,"[772, 857, 25605, 846, 617, 564, 640, 498, 420, 509, 541, 787, 1191, 535, 536, 18920, 633, 561, 661, 1198, 546, 549, 832, 690, 605, 821, 969, 725, 469, 23847, 10362, 873, 1209, 2715, 1871, 841, 18804, 11080, 14899, 770, 2331, 58026, 517, 73999, 612, 49155, 46866, 41289, 664, 27951, 569, 686, 1322, 655, 533, 520, 717, 509, 538, 2991, 567, 593, 514, 547, 13742, 26840, 25389, 503, 49279, 510, 556, 8177, 621, 804, 529, 23531, 489, 7980, 10251, 724, 582, 582, 979, 42655, 669, 7258, 3579, 703, 442, 1372, 525, 84994, 945, 122027, 15866, 95611, 682, 618, 949, 1007, 1369, 12538, 776, 11849, 27682, 1306, 21121, 617, 50772, 747, 37784, 2116, 28974, 609, 7209, 22846, 9937, 20041, 31595, 587, 5706, 4295, 3544, 562, 578, 540, 2719, 469, 744, 646, 1263, 531, 18607, 505, 31260, 629, 524, 485, 512, 465, 567, 567, 845, 25371, 2029, 6574, 714, 42678, 733, 772, 871, 20684, 571, 1670, 667, 7387, 513, 30308, 689, 606, 885, 542, 33960, 54016, 880, 655, 23512, 522, 658, 22565, 676, 18517, 501, 561, 809, 654, 522, 3337, 1698, 5278, 525, 633, 796, 571, 56802, 570, 935, 477, 843, 560, 568, 616, 1788, 576, 571, 589, 5254, 21137, 873, 1917, 127737, 625, 902, 518, 11684, 527, 80603, 510, 91538, 34882, 739, 934, 828, 782, 55585, 773, 529, 1980, 26384, 19362, 629, 1366, 540, 525, 519, 640, 46458, 637, 57318, 549, 28175, 40594, 27653, 10351]",420,127737,815.0,1
Corynebacterium accolens,['/data/genomes/GenSeq_fastas/train/GCF_000159115.1_ASM15911v1_genomic.fna'],38,"[201, 211, 214, 219, 227, 228, 229, 234, 239, 240, 241, 241, 241, 241, 252, 252, 280, 337, 368, 370, 447, 591, 670, 712, 892, 947, 951, 1120, 1270, 1303, 1496, 1764, 468321, 5649, 115354, 243909, 777318, 809407]",201,809407,369.0,1
Corynebacterium atypicum,['/data/genomes/GenSeq_fastas/train/GCF_000732945.1_ASM73294v1_genomic.fna'],1,[2311380],2311380,2311380,2311380.0,1
Corynebacterium doosanense,['/data/genomes/GenSeq_fastas/train/GCF_000767055.1_ASM76705v1_genomic.fna'],1,[2671798],2671798,2671798,2671798.0,1
Corynebacterium genitalium,['/data/genomes/GenSeq_fastas/train/GCF_000143825.1_ASM14382v1_genomic.fna'],1,[2349953],2349953,2349953,2349953.0,1
Corynebacterium glucuronolyticum,"['/data/genomes/GenSeq_fastas/test/GCF_900176155.1_IMG-taxon_2529292557_annotated_assembly_genomic.fna', '/data/genomes/GenSeq_fastas/valid/GCF_900176155.1_IMG-taxon_2529292557_annotated_assembly_genomic.fna']",82,"[124504, 137065, 1317, 1405, 1716, 3781, 6847, 8081, 9286, 10619, 1694, 49280, 78826, 82748, 105186, 174445, 1207, 76392, 21400, 14021, 120846, 16581, 2904, 39558, 34499, 75963, 286683, 30522, 14655, 24379, 161242, 195459, 299584, 284278, 1745, 197436, 39278, 25844, 24422, 19584, 15786, 124504, 137065, 1317, 1405, 1716, 3781, 6847, 8081, 9286, 10619, 1694, 49280, 78826, 82748, 105186, 174445, 1207, 76392, 21400, 14021, 120846, 16581, 2904, 39558, 34499, 75963, 286683, 30522, 14655, 24379, 161242, 195459, 299584, 284278, 1745, 197436, 39278, 25844, 24422, 19584, 15786]",1207,299584,25844.0,2
Corynebacterium imitans,['/data/genomes/GenSeq_fastas/train/GCF_000739455.1_ASM73945v1_genomic.fna'],1,[2565321],2565321,2565321,2565321.0,1
Corynebacterium timonense,['/data/genomes/GenSeq_fastas/train/GCF_000312345.1_ASM31234v1_genomic.fna'],18,"[621577, 608077, 305362, 240140, 230651, 213684, 201673, 156451, 5665, 1292, 1023, 971, 892, 714, 652, 546, 540, 508]",508,621577,3478.5,1
Enterobacter aerogenes,['/data/genomes/GenSeq_fastas/train/GCF_000215745.1_ASM21574v1_genomic.fna'],1,[5280350],5280350,5280350,5280350.0,1
Escherichia albertii,['/data/genomes/GenSeq_fastas/train/GCF_000512125.1_ASM51212v1_genomic.fna'],1,[4701875],4701875,4701875,4701875.0,1
Escherichia coli,['/data/genomes/GenSeq_fastas/valid/GCF_000005845.2_ASM584v2_genomic.fna'],1,[4641652],4641652,4641652,4641652.0,1
Escherichia fergusonii,['/data/genomes/GenSeq_fastas/train/GCF_000026225.1_ASM2622v1_genomic.fna'],1,[4588711],4588711,4588711,4588711.0,1
Escherichia marmotae,['/data/genomes/GenSeq_fastas/train/GCF_000807695.1_ASM80769v3_genomic.fna'],130,"[272802, 167072, 144555, 136794, 123235, 113257, 111861, 111192, 109393, 108129, 101907, 100503, 97763, 90364, 87677, 87192, 81967, 77893, 75231, 75189, 72678, 71629, 70494, 66987, 59467, 57756, 56090, 55779, 50352, 50135, 49326, 49161, 48342, 47781, 45630, 45212, 44245, 41922, 41787, 41550, 41259, 40317, 39897, 37358, 36412, 36183, 35236, 34019, 32496, 32022, 32011, 30723, 30167, 30020, 29850, 29248, 27966, 27182, 26265, 25043, 23583, 23071, 22944, 22738, 21038, 20377, 19732, 18316, 18475, 17156, 16639, 16223, 14950, 14110, 12546, 12179, 11745, 11702, 11193, 11109, 11077, 11024, 10820, 9503, 9233, 8714, 8611, 8258, 8135, 6800, 6012, 5136, 5577, 5520, 5430, 4417, 4318, 3141, 2560, 2465, 2286, 2251, 1994, 1713, 1101, 1641, 1612, 1603, 1527, 1302, 928, 1314, 1306, 1199, 1182, 1167, 684, 1099, 1014, 972, 963, 842, 917, 816, 772, 755, 696, 591, 566, 541]",541,272802,20707.5,1
Klebsiella oxytoca,['/data/genomes/GenSeq_fastas/valid/GCF_001022195.1_ASM102219v1_genomic.fna'],1,[6257473],6257473,6257473,6257473.0,1
Klebsiella quasipneumoniae,['/data/genomes/GenSeq_fastas/train/GCF_001596075.2_ASM159607v2_genomic.fna'],1,[5284734],5284734,5284734,5284734.0,1
Klebsiella variicola,"['/data/genomes/GenSeq_fastas/train/GCF_000828055.2_ASM82805v2_genomic.fna', '/data/genomes/GenSeq_fastas/valid/GCF_000828055.2_ASM82805v2_genomic.fna']",2,"[5521203, 5521203]",5521203,5521203,5521203.0,2
Listeria booriae,['/data/genomes/GenSeq_fastas/train/GCF_000766865.1_ASM76686v1_genomic.fna'],31,"[149564, 129342, 118974, 112804, 109438, 50084, 33544, 8845, 4896, 3056, 586018, 2737, 2622, 1788, 1381, 1185, 1078, 860, 397304, 772, 772, 770, 358814, 317888, 295433, 527, 527, 215132, 191146, 171858, 167797]",527,586018,33544.0,1
Listeria ivanovii,['/data/genomes/GenSeq_fastas/train/GCF_000763495.1_ASM76349v1_genomic.fna'],1,[3045035],3045035,3045035,3045035.0,1
Listeria monocytogenes,['/data/genomes/GenSeq_fastas/train/GCF_000196035.1_ASM19603v1_genomic.fna'],1,[2944528],2944528,2944528,2944528.0,1
Listeria weihenstephanensis,['/data/genomes/GenSeq_fastas/train/GCF_000525955.1_Lweihenstaphanensis_genomic.fna'],71,"[154030, 149476, 150533, 104150, 114635, 58121, 47312, 95182, 35836, 97421, 49959, 68856, 87319, 93754, 67237, 129171, 18176, 50880, 22347, 42050, 86544, 63402, 58781, 21357, 56590, 69630, 26364, 14148, 42193, 39896, 14777, 87430, 27641, 244375, 28488, 220263, 90959, 6638, 33694, 76513, 34467, 5998, 62857, 22843, 35670, 39250, 47158, 15996, 82627, 15544, 9735, 15549, 3823, 11019, 3616, 2254, 2036, 682, 2412, 1121, 620, 733, 1191, 5302, 1132, 1241, 707, 1028, 746, 468, 486]",468,244375,34467.0,1
Paenibacillus algorifonticola,['/data/genomes/GenSeq_fastas/train/GCF_000971975.1_ASM97197v1_genomic.fna'],101,"[603835, 512990, 386023, 324898, 308481, 306170, 273557, 234756, 226736, 212759, 208267, 204892, 200917, 194025, 189982, 187928, 175022, 162726, 157126, 155441, 147201, 119538, 117685, 105115, 98986, 96535, 92439, 77305, 76620, 75335, 75271, 75009, 71441, 68580, 67381, 65840, 62632, 60748, 57078, 54562, 54207, 47363, 41717, 40923, 36876, 30470, 30074, 26547, 25628, 24196, 22556, 20651, 19725, 19247, 17830, 17380, 13194, 9286, 9031, 8230, 7325, 7047, 5819, 5101, 4561, 3791, 3708, 3651, 2847, 2753, 2744, 2336, 2247, 2137, 1949, 1861, 1762, 1634, 1616, 1454, 1448, 1447, 1431, 1413, 1377, 1370, 1347, 1341, 1300, 1219, 1015, 1006, 965, 933, 906, 871, 632, 593, 578, 584, 559]",559,603835,22556.0,1
Paenibacillus alvei,['/data/genomes/GenSeq_fastas/train/GCF_000293805.1_ASM29380v1_genomic.fna'],21,"[1431183, 881196, 715171, 680734, 486517, 475344, 390833, 368968, 308130, 211742, 139836, 129668, 114617, 77061, 54808, 52355, 8189, 9193, 6177, 6368, 5630]",5630,1431183,139836.0,1
Paenibacillus borealis,['/data/genomes/GenSeq_fastas/train/GCF_000758665.1_ASM75866v1_genomic.fna'],1,[8156808],8156808,8156808,8156808.0,1
Planktothrix agardhii,['/data/genomes/GenSeq_fastas/train/GCF_000710505.1_Plagard2.0_genomic.fna'],1,[4785602],4785602,4785602,4785602.0,1
Planktothrix mougeotii,['/data/genomes/GenSeq_fastas/train/GCF_000464745.1_NC405_1_genomic.fna'],8,"[2412716, 1754733, 537235, 523114, 193210, 68611, 6658, 2847]",2847,2412716,358162.0,1
Planktothrix prolifica,['/data/genomes/GenSeq_fastas/valid/GCF_000464805.1_NC540_1_genomic.fna'],3,"[5502793, 69313, 2288]",2288,5502793,69313.0,1
Planktothrix rubescens,['/data/genomes/GenSeq_fastas/train/GCF_000464785.1_NC407_1_genomic.fna'],5,"[3157393, 2237148, 110570, 2715, 2117]",2117,3157393,110570.0,1
Planktothrix serta,['/data/genomes/GenSeq_fastas/train/GCF_900010725.1_BBR_PRJEB10992_genomic.fna'],157,"[7555, 22378, 25916, 22245, 265652, 34046, 498914, 8022, 6494, 96596, 5402, 6239, 277021, 13127, 2866, 88103, 1010390, 2252, 31322, 111782, 5167, 4950, 3735, 13828, 343462, 8004, 39597, 2826, 3116, 5312, 99203, 3340, 3105, 3655, 4192, 190788, 2575, 5861, 1904013, 4711, 1918515, 2003559, 2006734, 2126305, 2092, 2424699, 2000, 2334, 64026, 419498, 132697, 3314393, 3317362, 3545, 70181, 225910, 3783002, 4424790, 372299, 5071466, 252669, 2976, 5468374, 360395, 6422, 5931199, 6010789, 6859, 213861, 1314, 430, 1981, 950, 218, 206, 1813, 206, 650, 206, 422, 939, 1023, 309, 552, 708, 419, 632, 208, 391, 378, 202, 1032, 453, 401, 930, 202, 1767, 371, 668, 201, 415, 696, 224, 261, 1165, 220, 215, 321, 303, 452, 334, 517, 355, 1031, 449, 215, 1106, 234, 947, 212, 207, 1407, 824, 626, 261, 851, 267, 842, 435, 205, 301, 201, 356, 831, 355, 235, 278, 319, 226, 206, 211, 242, 220, 908, 308, 321, 1450, 965, 2252, 778, 431, 601, 206, 218, 704, 675, 201]",201,6010789,1032.0,1
Pseudomonas abietaniphila,['/data/genomes/GenSeq_fastas/train/GCF_900100795.1_IMG-taxon_2667527211_annotated_assembly_genomic.fna'],54,"[1012, 1051, 1385, 7006, 233195, 1832, 47628, 192020, 1115, 266161, 145385, 18570, 2543, 805289, 167348, 399789, 166348, 4374, 186477, 201699, 140658, 288338, 766006, 357714, 127391, 532875, 416065, 78706, 373316, 17491, 8443, 6728, 67578, 2298, 59427, 59111, 325146, 48088, 42897, 6482, 42300, 126746, 29047, 23143, 5346, 96350, 275910, 4848, 1216, 1547, 2571, 1102, 34982, 2358]",1012,805289,47858.0,1
Pseudomonas alcaliphila,['/data/genomes/GenSeq_fastas/train/GCF_001941865.1_ASM194186v1_genomic.fna'],1,[5340293],5340293,5340293,5340293.0,1
Pseudomonas asplenii,['/data/genomes/GenSeq_fastas/valid/GCF_900105475.1_IMG-taxon_2667527430_annotated_assembly_genomic.fna'],1,[6529636],6529636,6529636,6529636.0,1
Pseudomonas batumici,['/data/genomes/GenSeq_fastas/train/GCF_000820515.1_ASM82051v1_genomic.fna'],126,"[124232, 90770, 530, 308, 355, 1614, 1635, 1960, 409, 2027, 2368, 538, 139883, 3227, 41960, 63576, 467, 1012, 263, 787, 1014, 392, 256745, 3968, 289, 2389, 2389, 2389, 2386, 8676, 72178, 3147, 128060, 51481, 56102, 7738, 210829, 731, 2699, 129717, 98497, 122709, 8869, 15432, 12392, 5491, 2940, 5375, 47966, 468112, 27504, 115463, 106441, 93065, 94486, 157156, 49505, 197241, 14848, 60499, 86687, 173141, 91601, 191988, 12450, 1964, 156520, 7605, 81055, 72203, 32292, 103109, 25331, 16579, 3914, 119005, 110366, 35400, 172833, 133994, 255355, 47497, 64155, 27456, 251814, 71957, 16560, 156286, 33833, 929, 260, 304814, 7778, 104920, 152257, 305, 920, 30280, 9668, 4279, 6267, 1944, 2938, 1991, 110618, 27881, 8383, 63724, 452, 389, 296, 6506, 6810, 484, 1191, 67771, 362, 549, 724, 437, 457, 611, 324, 392, 342, 362]",260,468112,9268.5,1
Pseudomonas borbori,"['/data/genomes/GenSeq_fastas/valid/GCF_900115555.1_IMG-taxon_2671180032_annotated_assembly_genomic.fna', '/data/genomes/GenSeq_fastas/train/GCF_900115555.1_IMG-taxon_2671180032_annotated_assembly_genomic.fna']",192,"[1112, 1362, 1992, 2630, 2654, 1208, 3227, 2079, 3679, 3692, 3729, 3475, 4652, 6221, 5444, 6653, 7834, 4802, 8105, 9227, 10504, 12609, 14652, 15839, 16102, 4995, 5838, 16536, 7308, 16628, 17100, 1823, 17108, 8063, 89430, 91838, 4160, 141607, 159007, 94210, 2373, 108089, 18193, 163648, 1600, 76465, 1221, 298140, 25003, 5894, 195003, 159465, 42501, 185121, 105693, 219917, 64851, 242665, 236393, 186004, 91698, 117601, 178847, 7324, 112750, 1248, 2014, 69047, 65002, 86923, 11687, 175653, 35891, 31967, 89244, 86998, 85050, 83974, 58479, 19589, 54747, 53185, 40327, 37727, 4920, 11032, 52629, 33636, 13481, 265677, 29040, 11056, 27339, 7729, 25961, 23628, 1112, 1362, 1992, 2630, 2654, 1208, 3227, 2079, 3679, 3692, 3729, 3475, 4652, 6221, 5444, 6653, 7834, 4802, 8105, 9227, 10504, 12609, 14652, 15839, 16102, 4995, 5838, 16536, 7308, 16628, 17100, 1823, 17108, 8063, 89430, 91838, 4160, 141607, 159007, 94210, 2373, 108089, 18193, 163648, 1600, 76465, 1221, 298140, 25003, 5894, 195003, 159465, 42501, 185121, 105693, 219917, 64851, 242665, 236393, 186004, 91698, 117601, 178847, 7324, 112750, 1248, 2014, 69047, 65002, 86923, 11687, 175653, 35891, 31967, 89244, 86998, 85050, 83974, 58479, 19589, 54747, 53185, 40327, 37727, 4920, 11032, 52629, 33636, 13481, 265677, 29040, 11056, 27339, 7729, 25961, 23628]",1112,298140,17650.5,2
Pseudomonas cichorii,"['/data/genomes/GenSeq_fastas/valid/GCF_000517305.1_ASM51730v1_genomic.fna', '/data/genomes/GenSeq_fastas/train/GCF_000517305.1_ASM51730v1_genomic.fna']",2,"[5986012, 5986012]",5986012,5986012,5986012.0,2
Pseudomonas congelans,"['/data/genomes/GenSeq_fastas/valid/GCF_900103225.1_IMG-taxon_2663762773_annotated_assembly_genomic.fna', '/data/genomes/GenSeq_fastas/train/GCF_900103225.1_IMG-taxon_2663762773_annotated_assembly_genomic.fna']",46,"[182833, 547966, 186188, 13960, 2649, 185519, 740022, 1776, 905667, 1916, 15064, 9407, 361254, 62195, 9907, 329263, 1636184, 162256, 36560, 265689, 57574, 20330, 2880, 182833, 547966, 186188, 13960, 2649, 185519, 740022, 1776, 905667, 1916, 15064, 9407, 361254, 62195, 9907, 329263, 1636184, 162256, 36560, 265689, 57574, 20330, 2880]",1776,1636184,62195.0,2
Pseudomonas costantinii,['/data/genomes/GenSeq_fastas/train/GCF_900105935.1_IMG-taxon_2645728113_annotated_assembly_genomic.fna'],2,"[6663720, 47347]",47347,6663720,3355533.5,1
Rhizobium acidisoli,['/data/genomes/GenSeq_fastas/train/GCF_001297245.1_ASM129724v1_genomic.fna'],128,"[999, 969, 965, 921, 822, 806, 803, 801, 797, 796, 213669, 793, 773, 722, 703, 616, 616, 613, 591, 587, 585, 213061, 584, 533, 532, 204773, 168947, 162035, 161102, 155912, 144999, 134062, 114979, 1452, 919176, 106851, 98395, 96368, 3935, 88712, 91077, 88305, 82378, 81896, 79615, 75305, 533367, 75196, 71850, 60085, 1930, 61010, 55616, 48663, 44814, 41311, 40266, 35635, 433613, 34012, 33113, 32528, 31615, 31494, 30971, 29896, 21320, 8539, 26424, 24612, 376673, 22554, 20447, 20172, 18209, 15284, 14958, 13896, 13448, 11848, 11768, 356091, 362, 11234, 9900, 9693, 9641, 9552, 8644, 8097, 6903, 3435, 3396, 5839, 281195, 5556, 4398, 4291, 3885, 3815, 3771, 3765, 3652, 3566, 3322, 256732, 3191, 3153, 2694, 2599, 2366, 2066, 2050, 1756, 1735, 1629, 237476, 1558, 1530, 1509, 1308, 1298, 1263, 1242, 1179, 1170, 1050, 216118]",362,919176,9098.0,1
Rhizobium leguminosarum,['/data/genomes/GenSeq_fastas/train/GCF_000517605.1_ASM51760v1_genomic.fna'],1,[4854518],4854518,4854518,4854518.0,1
Rhizobium loessense,['/data/genomes/GenSeq_fastas/train/GCF_900099775.1_IMG-taxon_2596583570_annotated_assembly_genomic.fna'],32,"[1480, 9016, 10431, 6346, 11725, 173930, 235030, 739460, 373336, 484887, 132779, 449193, 358069, 746758, 333892, 1526119, 19925, 96867, 18693, 26879, 151798, 130887, 108628, 71183, 154938, 112264, 1310, 45989, 3775, 74332, 91615, 26958]",1310,1526119,102747.5,1
Rhizobium sophorae,['/data/genomes/GenSeq_fastas/train/GCF_002008155.1_ASM200815v1_genomic.fna'],71,"[229817, 1052, 1068, 1121, 1121, 1230, 1271, 1295, 1339, 1427, 1615, 1620, 1753, 2328, 2497, 2629, 3070, 3339, 4354, 5565, 5802, 6080, 6238, 11876, 13285, 16025, 16144, 16983, 18215, 20247, 20796, 83966, 85364, 87083, 93639, 112961, 163355, 118648, 37347, 235344, 16353, 8113, 240618, 10630, 397568, 1034, 282192, 25564, 64765, 87245, 3546, 10184, 441266, 355678, 460095, 133104, 83404, 315884, 471839, 15582, 372254, 11168, 147422, 453992, 164019, 249984, 297999, 147570, 179318, 24888, 1069]",1034,471839,16983.0,1
Rhizobium tropici,"['/data/genomes/GenSeq_fastas/train/GCF_000330885.1_ASM33088v1_genomic.fna', '/data/genomes/GenSeq_fastas/valid/GCF_000330885.1_ASM33088v1_genomic.fna']",2,"[3837060, 3837060]",3837060,3837060,3837060.0,2
Rhizobium vignae,"['/data/genomes/GenSeq_fastas/train/GCF_000732195.1_ASM73219v1_genomic.fna', '/data/genomes/GenSeq_fastas/valid/GCF_000732195.1_ASM73219v1_genomic.fna']",168,"[317, 950880, 480562, 443865, 427151, 404477, 347726, 328448, 256467, 256414, 245929, 228856, 188422, 161444, 153275, 151847, 127877, 115443, 50910, 586, 551, 37133, 85845, 81007, 80858, 72379, 71957, 69534, 59668, 1737, 59091, 56634, 39018, 37677, 37000, 32945, 27244, 20053, 18572, 17317, 16407, 15441, 11392, 8484, 7870, 6981, 5616, 831, 4350, 3992, 3488, 2945, 2784, 1963, 1861, 1755, 1523, 1355, 1334, 1177, 1163, 1134, 1004, 935, 909, 841, 768, 551, 470, 619, 616, 553, 490, 489, 478, 474, 217, 435, 424, 352, 421, 378, 344, 319, 317, 950880, 480562, 443865, 427151, 404477, 347726, 328448, 256467, 256414, 245929, 228856, 188422, 161444, 153275, 151847, 127877, 115443, 50910, 586, 551, 37133, 85845, 81007, 80858, 72379, 71957, 69534, 59668, 1737, 59091, 56634, 39018, 37677, 37000, 32945, 27244, 20053, 18572, 17317, 16407, 15441, 11392, 8484, 7870, 6981, 5616, 831, 4350, 3992, 3488, 2945, 2784, 1963, 1861, 1755, 1523, 1355, 1334, 1177, 1163, 1134, 1004, 935, 909, 841, 768, 551, 470, 619, 616, 553, 490, 489, 478, 474, 217, 435, 424, 352, 421, 378, 344, 319]",217,950880,6298.5,2
Salmonella bongori,['/data/genomes/GenSeq_fastas/train/GCF_000252995.1_ASM25299v1_genomic.fna'],1,[4460105],4460105,4460105,4460105.0,1
Salmonella enterica,['/data/genomes/GenSeq_fastas/train/GCF_000195995.1_ASM19599v1_genomic.fna'],1,[4809037],4809037,4809037,4809037.0,1
Shigella boydii,['/data/genomes/GenSeq_fastas/train/GCF_000020185.1_ASM2018v1_genomic.fna'],1,[4615997],4615997,4615997,4615997.0,1
Shigella dysenteriae,['/data/genomes/GenSeq_fastas/valid/GCF_000012005.1_ASM1200v1_genomic.fna'],1,[4369232],4369232,4369232,4369232.0,1
Shigella sonnei,['/data/genomes/GenSeq_fastas/train/GCF_000283715.1_ASM28371v1_genomic.fna'],1,[4988504],4988504,4988504,4988504.0,1
Staphylococcus agnetis,['/data/genomes/GenSeq_fastas/train/GCF_001442815.1_ASM144281v1_genomic.fna'],1,[2474434],2474434,2474434,2474434.0,1
Staphylococcus aureus,"['/data/genomes/GenSeq_fastas/valid/GCF_000013425.1_ASM1342v1_genomic.fna', '/data/genomes/GenSeq_fastas/train/GCF_000013425.1_ASM1342v1_genomic.fna']",2,"[2821361, 2821361]",2821361,2821361,2821361.0,2
Staphylococcus hyicus,['/data/genomes/GenSeq_fastas/train/GCF_000816085.1_ASM81608v1_genomic.fna'],1,[2472129],2472129,2472129,2472129.0,1
Staphylococcus intermedius,['/data/genomes/GenSeq_fastas/valid/GCF_000308095.1_ASM30809v1_genomic.fna'],286,"[1315, 9015, 3162, 3388, 5586, 6041, 34993, 352, 1852, 39749, 33910, 47759, 567, 14827, 855, 226, 261, 1586, 9327, 9393, 15817, 329, 9568, 1752, 30279, 26715, 29651, 4918, 2730, 25565, 1051, 3262, 11018, 148, 316, 567, 2941, 347, 4111, 317, 26970, 44909, 975, 41717, 2866, 422, 17964, 136, 35247, 490, 7168, 6908, 13163, 646, 5415, 34854, 3787, 14989, 675, 2863, 3707, 266, 8964, 5059, 30943, 69331, 2501, 1212, 270, 7947, 716, 208, 1592, 2238, 7193, 1204, 713, 104, 232, 2604, 10508, 994, 6927, 7056, 406, 4469, 14981, 271, 357, 1254, 89, 229, 253, 3151, 947, 1567, 373, 364, 593, 145, 29168, 744, 484, 819, 2173, 12043, 1569, 271, 3126, 40989, 93798, 480, 205, 413, 1879, 2119, 422, 2286, 14918, 352, 4715, 6718, 355, 37149, 8092, 111, 65851, 12506, 18401, 141042, 9057, 8973, 311, 1566, 2525, 8784, 855, 298, 977, 637, 254, 44728, 55023, 15373, 637, 1584, 510, 4465, 257, 2448, 12942, 22234, 38826, 4901, 17761, 1926, 1016, 2062, 20760, 958, 658, 1089, 595, 465, 2061, 29029, 11526, 41044, 50001, 15319, 1315, 4304, 5316, 2964, 33173, 233, 7426, 2170, 16273, 1055, 11713, 212, 26394, 3987, 699, 357, 359, 2322, 33044, 1380, 2417, 214, 6530, 1401, 29232, 836, 355, 923, 2639, 12498, 7352, 415, 595, 330, 4888, 1104, 272, 6789, 16234, 126, 10157, 14343, 144, 7658, 1621, 8956, 21078, 715, 33433, 5664, 3397, 1832, 4587, 746, 34568, 309, 343, 275, 8395, 323, 77375, 1914, 10436, 2044, 213, 1108, 2005, 390, 275, 105, 45520, 1696, 36487, 513, 4921, 3538, 672, 17350, 18656, 35496, 4371, 2245, 195, 2828, 11218, 17687, 149, 224, 27066, 176, 619, 20487, 10976, 1016, 13690, 11591, 232, 298, 5746, 1634, 57519, 1961, 180, 14264, 298, 2007, 1378, 339, 20060, 16041, 868, 248, 1756, 7100, 2891, 11372]",89,141042,2369.5,1
Staphylococcus warneri,['/data/genomes/GenSeq_fastas/train/GCF_000332735.1_ASM33273v1_genomic.fna'],1,[2486042],2486042,2486042,2486042.0,1
Staphylococcus xylosus,"['/data/genomes/GenSeq_fastas/train/GCF_000706685.1_ASM70668v1_genomic.fna', '/data/genomes/GenSeq_fastas/valid/GCF_000706685.1_ASM70668v1_genomic.fna']",2,"[2836901, 2836901]",2836901,2836901,2836901.0,2
Stenotrophomonas acidaminiphila,['/data/genomes/GenSeq_fastas/train/GCF_001314305.1_ASM131430v1_genomic.fna'],1,[4138297],4138297,4138297,4138297.0,1
Stenotrophomonas ginsengisoli,['/data/genomes/GenSeq_fastas/train/GCF_001431485.1_ASM143148v1_genomic.fna'],99,"[24836, 124618, 178680, 163769, 15960, 117159, 60543, 75196, 67225, 190491, 43627, 73707, 50023, 180516, 105212, 16915, 10733, 120873, 97290, 82480, 17661, 74538, 81661, 45168, 44017, 85115, 29073, 57875, 15326, 79081, 16766, 12982, 17699, 89518, 5686, 15960, 53571, 21252, 20458, 85121, 5522, 35418, 1373, 1436, 51109, 2050, 33180, 27925, 17722, 8663, 5806, 1476, 13261, 1002, 726, 108543, 2207, 13331, 1211, 1064, 1331, 11226, 915, 5714, 707, 2586, 190105, 4843, 899, 514, 2504, 951, 2192, 702, 676, 529, 878, 82702, 722, 1124, 663, 813, 857, 895, 539, 671, 732, 709, 48924, 708, 500, 399, 654, 561, 556, 671, 649, 734, 651]",399,190491,11226.0,1
Stenotrophomonas koreensis,['/data/genomes/GenSeq_fastas/train/GCF_001431525.1_ASM143152v1_genomic.fna'],58,"[65991, 47807, 188329, 216094, 247205, 69632, 52593, 48071, 148073, 76047, 14280, 197134, 5230, 13911, 58539, 2249, 54031, 42477, 77257, 95006, 21543, 68508, 82831, 9174, 88403, 23944, 10574, 1668, 5221, 700, 824, 1114, 625, 6909, 1429, 2174, 674, 935, 2176, 553, 713, 687, 502, 619, 203102, 651, 575, 720, 550, 723, 524, 492, 763, 645, 497147, 79218, 160169, 32169]",492,497147,9874.0,1
Stenotrophomonas pavanii,['/data/genomes/GenSeq_fastas/train/GCF_900101175.1_IMG-taxon_2623620583_annotated_assembly_genomic.fna'],17,"[87846, 92917, 133446, 178735, 743850, 16464, 131013, 287499, 525753, 186332, 286193, 148444, 254595, 303857, 229870, 604792, 212395]",16464,743850,212395.0,1
Stenotrophomonas rhizophila,['/data/genomes/GenSeq_fastas/valid/GCF_000661955.1_ASM66195v1_genomic.fna'],1,[4648976],4648976,4648976,4648976.0,1
Streptococcus acidominimus,"['/data/genomes/GenSeq_fastas/valid/GCF_001921825.1_ASM192182v1_genomic.fna', '/data/genomes/GenSeq_fastas/train/GCF_001921825.1_ASM192182v1_genomic.fna']",222,"[90747, 58980, 1716, 1661, 1596, 1512, 1489, 1444, 1401, 1210, 1167, 1109, 58027, 1081, 1014, 51930, 51718, 49270, 46896, 46320, 45848, 44718, 43152, 89249, 41926, 38515, 37323, 36098, 35145, 34095, 32495, 30770, 29392, 28250, 83498, 28101, 27435, 26962, 25906, 25572, 25341, 24132, 21774, 21026, 20899, 75600, 19841, 19648, 19322, 18980, 18716, 18115, 17953, 17828, 17740, 17405, 70723, 15604, 14748, 14428, 13162, 13127, 12767, 12519, 11847, 11711, 10748, 70449, 10084, 9598, 9384, 8398, 8254, 7917, 7396, 7118, 7069, 6820, 69003, 5953, 5714, 5419, 5410, 5354, 5348, 5300, 4979, 4555, 4537, 61780, 4338, 4294, 4292, 4186, 4032, 3375, 3303, 3262, 3081, 3014, 59411, 2638, 2632, 2535, 2275, 2196, 2190, 2158, 1940, 1870, 1791, 90747, 58980, 1716, 1661, 1596, 1512, 1489, 1444, 1401, 1210, 1167, 1109, 58027, 1081, 1014, 51930, 51718, 49270, 46896, 46320, 45848, 44718, 43152, 89249, 41926, 38515, 37323, 36098, 35145, 34095, 32495, 30770, 29392, 28250, 83498, 28101, 27435, 26962, 25906, 25572, 25341, 24132, 21774, 21026, 20899, 75600, 19841, 19648, 19322, 18980, 18716, 18115, 17953, 17828, 17740, 17405, 70723, 15604, 14748, 14428, 13162, 13127, 12767, 12519, 11847, 11711, 10748, 70449, 10084, 9598, 9384, 8398, 8254, 7917, 7396, 7118, 7069, 6820, 69003, 5953, 5714, 5419, 5410, 5354, 5348, 5300, 4979, 4555, 4537, 61780, 4338, 4294, 4292, 4186, 4032, 3375, 3303, 3262, 3081, 3014, 59411, 2638, 2632, 2535, 2275, 2196, 2190, 2158, 1940, 1870, 1791]",1014,90747,12519.0,2
Streptococcus azizii,['/data/genomes/GenSeq_fastas/train/GCF_001984705.1_ASM198470v1_genomic.fna'],43,"[233453, 106646, 98967, 94159, 76510, 72161, 71062, 68146, 61488, 60241, 55260, 176161, 55154, 40540, 38839, 36561, 28101, 27934, 26190, 22292, 16772, 15680, 130083, 13912, 9856, 7241, 5352, 4996, 4398, 2248, 1737, 1683, 1682, 128302, 1669, 1657, 1617, 1127, 127893, 114675, 114063, 108931, 108602]",1127,233453,38839.0,1
Streptococcus entericus,['/data/genomes/GenSeq_fastas/valid/GCF_000380025.1_ASM38002v1_genomic.fna'],33,"[315872, 249973, 60416, 59633, 54804, 51684, 47343, 36802, 35759, 33625, 33153, 29989, 176793, 25500, 21818, 20227, 20112, 18256, 13761, 12542, 11597, 5068, 3880, 155547, 3636, 1643, 1198, 105772, 103718, 97987, 83435, 81509, 63416]",1198,315872,35759.0,1
Streptococcus himalayensis,['/data/genomes/GenSeq_fastas/train/GCF_001708305.1_ASM170830v1_genomic.fna'],1,[2275471],2275471,2275471,2275471.0,1
Streptococcus minor,['/data/genomes/GenSeq_fastas/train/GCF_000377005.1_ASM37700v1_genomic.fna'],33,"[1279, 1423, 1555, 1713, 1750, 1848, 2401, 2405, 2440, 2564, 3242, 3712, 3776, 5148, 13609, 14628, 19718, 20126, 23951, 25372, 36151, 39721, 45255, 46479, 50659, 66242, 69933, 75578, 83791, 108596, 183990, 218829, 750005]",1279,750005,19718.0,1
Streptococcus oralis,"['/data/genomes/GenSeq_fastas/train/GCF_000253155.1_ASM25315v1_genomic.fna', '/data/genomes/GenSeq_fastas/valid/GCF_000253155.1_ASM25315v1_genomic.fna']",2,"[1958690, 1958690]",1958690,1958690,1958690.0,2
Streptomyces albidoflavus,['/data/genomes/GenSeq_fastas/train/GCF_000719955.1_ASM71995v1_genomic.fna'],115,"[362066, 351158, 332223, 408160, 267976, 450001, 311938, 294250, 169692, 192983, 157312, 155020, 168405, 144045, 142449, 132012, 199617, 122505, 117339, 101913, 109314, 156715, 91415, 89753, 108440, 107654, 160497, 86038, 78062, 113910, 75361, 58170, 53306, 84255, 52155, 51503, 50805, 66925, 72512, 44322, 44269, 41480, 55837, 39578, 36704, 45283, 35432, 34779, 34699, 27514, 26480, 22749, 20993, 20786, 19320, 19288, 37795, 18593, 15289, 13862, 13687, 12766, 11034, 10828, 8885, 8838, 8239, 7842, 7499, 7449, 6413, 9434, 6376, 6153, 5803, 5772, 4758, 4467, 3973, 5609, 3204, 2827, 2451, 1994, 1759, 1457, 1251, 888, 881, 796, 647, 551, 504, 526, 493, 399, 480, 353, 346, 311, 309, 294, 377, 264, 250, 245, 244, 244, 386, 209, 209, 207, 202, 202, 202]",202,450001,18593.0,1
Streptomyces ambofaciens,['/data/genomes/GenSeq_fastas/train/GCF_001267885.1_ASM126788v1_genomic.fna'],1,[8303940],8303940,8303940,8303940.0,1
Streptomyces antibioticus,['/data/genomes/GenSeq_fastas/train/GCF_001270635.1_ASM127063v1_genomic.fna'],343,"[247825, 208074, 135348, 33100, 28387, 28261, 29782, 27457, 27361, 27217, 26713, 26678, 26292, 125053, 25937, 25011, 24761, 24735, 23652, 22727, 39269, 22462, 47097, 26820, 121346, 22084, 21413, 21006, 20102, 20040, 19583, 27215, 18816, 18345, 17801, 144175, 17434, 12463, 29634, 16727, 16623, 16009, 14969, 28111, 14536, 14496, 14440, 164795, 14417, 13859, 13412, 13286, 16105, 15677, 12760, 12223, 11561, 11320, 131056, 12262, 10653, 10396, 10355, 9885, 9854, 9126, 7790, 7703, 7481, 112195, 7374, 6673, 6555, 6299, 6191, 6019, 5914, 5791, 5582, 5209, 110512, 15026, 5038, 5419, 4800, 4751, 4643, 6781, 4536, 4254, 3857, 3722, 109798, 3631, 698, 6800, 3585, 3399, 4321, 3211, 3656, 3095, 3069, 2769, 2152, 121751, 2710, 2697, 2643, 2434, 2340, 2239, 2091, 2051, 1972, 1748, 229662, 123898, 1740, 1699, 1669, 1665, 1548, 1491, 1432, 1430, 1406, 1406, 104014, 1326, 1228, 1220, 1218, 1150, 1150, 1129, 1115, 1105, 1041, 180888, 1031, 1002, 963, 1389, 1380, 826, 826, 755, 725, 664, 101954, 645, 615, 599, 587, 523, 509, 500, 500, 490, 480, 103966, 27089, 471, 471, 468, 460, 458, 457, 453, 450, 444, 435, 98491, 430, 425, 391, 391, 391, 386, 385, 382, 382, 381, 91851, 380, 373, 367, 364, 361, 361, 352, 346, 334, 333, 89710, 329, 329, 328, 326, 325, 322, 318, 317, 315, 313, 86260, 311, 311, 305, 305, 303, 303, 300, 299, 299, 299, 86267, 294, 290, 286, 281, 281, 276, 271, 269, 260, 259, 226163, 84512, 259, 258, 256, 251, 251, 248, 247, 247, 235, 233, 81377, 21961, 230, 228, 223, 220, 220, 219, 219, 218, 218, 216, 77816, 216, 215, 214, 214, 209, 208, 202, 201, 76001, 71771, 115040, 28776, 18850, 43227, 76126, 70636, 68960, 68906, 229287, 67398, 66242, 42049, 65846, 136634, 64113, 63589, 62680, 62292, 62716, 61283, 264402, 60356, 104960, 81290, 56507, 69119, 55062, 54319, 53697, 51393, 15772, 50370, 154247, 50342, 50045, 49260, 96513, 62709, 47764, 69775, 47522, 48154, 905, 46413, 68194, 148472, 45492, 45127, 71399, 43832, 43467, 43265, 58482, 38437, 38226, 11938, 48075, 146532, 48037, 37797, 37703, 37676, 36793, 36777, 25493, 36347, 35212, 34463, 34333, 144437, 33713, 33012, 32802, 32582, 32519, 30978, 30934, 32561, 29934, 29601]",201,264402,7481.0,1
Streptomyces antioxidans,['/data/genomes/GenSeq_fastas/train/GCF_000968685.2_ASM96868v2_genomic.fna'],282,"[464018, 9577, 3913, 135927, 192082, 1103, 28047, 105012, 1455, 4729, 496, 53618, 195681, 20701, 3837, 1250, 58240, 6661, 8915, 1842, 27733, 81998, 258597, 45773, 147996, 79695, 65545, 10036, 3208, 13913, 335, 6132, 7976, 24778, 110831, 7244, 23149, 38779, 33172, 23293, 956, 4064, 46540, 4047, 4677, 53531, 12427, 16351, 2134, 10239, 14749, 25673, 2996, 17823, 1698, 3479, 151716, 2533, 34581, 17775, 10020, 821, 1434, 647, 546, 607, 1828, 4393, 451, 10820, 1685, 26398, 3347, 1240, 6201, 3161, 5458, 2309, 32005, 9455, 905, 1367, 1051, 5931, 9698, 11513, 418, 389, 441, 172238, 11941, 4195, 13173, 481, 2792, 1513, 341, 7680, 9926, 251, 74701, 2336, 7760, 12029, 496, 3006, 6332, 3132, 376, 1531, 2406, 96667, 2609, 3376, 1001, 1001, 7993, 2880, 1119, 4934, 788, 6595, 395, 3113, 574, 946, 1404, 373, 4122, 5028, 569, 458, 5275, 5571, 3488, 1244, 4016, 4988, 7885, 402, 977, 1501, 606, 405, 755, 3095, 716, 394, 1044, 1933, 1191, 3995, 285, 400, 775, 1324, 104233, 824, 449, 900, 3004, 1218, 1112, 1531, 477, 581, 292, 258, 510, 1869, 1236, 1346, 1935, 952, 350, 284, 775, 396, 29140, 417, 771, 324, 503, 460, 386, 720, 411, 388, 629, 328238, 355, 666, 297, 278, 308, 525, 521, 696, 869, 489, 41681, 227, 244, 266, 178993, 52996, 116503, 86961, 227967, 176726, 4973, 79558, 38634, 19720, 51396, 47011, 301629, 197338, 80388, 33828, 168699, 123407, 4057, 27503, 146515, 6280, 262646, 221165, 99183, 49603, 64908, 46040, 105507, 153793, 22470, 69396, 165224, 1604, 217443, 812, 21950, 34819, 57392, 55870, 2766, 6656, 9659, 2090, 74913, 1916, 80450, 437, 145790, 33721, 19850, 24119, 127000, 17925, 40631, 69140, 24521, 15622, 16111, 359, 69298, 54991, 14407, 79420, 2830, 96061, 5013, 10625, 11070, 45574, 1200, 771, 42545, 48552, 92027, 8011, 36992, 3093]",227,464018,4535.0,1
Streptomyces filamentosus,['/data/genomes/GenSeq_fastas/train/GCF_000156695.2_ASM15669v2_genomic.fna'],1,[7851943],7851943,7851943,7851943.0,1
Vibrio aerogenes,"['/data/genomes/GenSeq_fastas/train/GCF_900130105.1_Vibrio.aerogenes_CECT_7868_Velvet_Prokka_genomic.fna', '/data/genomes/GenSeq_fastas/valid/GCF_900130105.1_Vibrio.aerogenes_CECT_7868_Velvet_Prokka_genomic.fna', '/data/genomes/GenSeq_fastas/test/GCF_900130105.1_Vibrio.aerogenes_CECT_7868_Velvet_Prokka_genomic.fna']",231,"[3323, 752, 735, 2512, 1089, 1662, 4452, 6487, 9215, 1952, 11177, 5917, 1428, 14798, 13379, 20257, 23084, 1371, 5620, 67412, 4579, 27860, 4275, 35273, 180465, 10520, 97699, 275127, 123878, 739, 1093, 29659, 133516, 1180, 115887, 75167, 34754, 88780, 812, 132421, 392673, 100015, 61337, 75437, 143275, 83365, 31791, 340201, 61012, 30784, 405720, 70834, 98164, 396077, 26762, 88996, 110485, 11456, 17694, 135907, 114177, 43690, 12773, 104631, 118998, 4061, 3361, 83212, 70056, 16001, 113071, 26764, 49720, 87931, 11771, 807, 136945, 3323, 752, 735, 2512, 1089, 1662, 4452, 6487, 9215, 1952, 11177, 5917, 1428, 14798, 13379, 20257, 23084, 1371, 5620, 67412, 4579, 27860, 4275, 35273, 180465, 10520, 97699, 275127, 123878, 739, 1093, 29659, 133516, 1180, 115887, 75167, 34754, 88780, 812, 132421, 392673, 100015, 61337, 75437, 143275, 83365, 31791, 340201, 61012, 30784, 405720, 70834, 98164, 396077, 26762, 88996, 110485, 11456, 17694, 135907, 114177, 43690, 12773, 104631, 118998, 4061, 3361, 83212, 70056, 16001, 113071, 26764, 49720, 87931, 11771, 807, 136945, 3323, 752, 735, 2512, 1089, 1662, 4452, 6487, 9215, 1952, 11177, 5917, 1428, 14798, 13379, 20257, 23084, 1371, 5620, 67412, 4579, 27860, 4275, 35273, 180465, 10520, 97699, 275127, 123878, 739, 1093, 29659, 133516, 1180, 115887, 75167, 34754, 88780, 812, 132421, 392673, 100015, 61337, 75437, 143275, 83365, 31791, 340201, 61012, 30784, 405720, 70834, 98164, 396077, 26762, 88996, 110485, 11456, 17694, 135907, 114177, 43690, 12773, 104631, 118998, 4061, 3361, 83212, 70056, 16001, 113071, 26764, 49720, 87931, 11771, 807, 136945]",735,405720,30784.0,3
Vibrio celticus,['/data/genomes/GenSeq_fastas/train/GCF_900089965.1_VcelticusCECT7224_Velvet_Prokka_genomic.fna'],196,"[1140, 112940, 16289, 785, 836, 933, 8572, 2202, 5426, 730, 1789, 1635, 2436, 1047, 1590, 1514, 1195, 836, 3426, 1522, 2758, 889, 4449, 780, 843, 7435, 1079, 701, 11444, 43905, 17287, 2512, 12190, 3089, 60741, 15928, 26914, 5833, 4162, 10473, 1097, 3368, 4642, 26793, 8555, 3978, 1331, 810, 40961, 1208, 39912, 10088, 36612, 82339, 193423, 1118, 86835, 1916, 13580, 2294, 50000, 17999, 7855, 1895, 36518, 25126, 30025, 8144, 33927, 42800, 1309, 20263, 14952, 70935, 21422, 26287, 41130, 23822, 18752, 5373, 2334, 86336, 83742, 77348, 89369, 100486, 11660, 3455, 1705, 838, 129928, 781, 5845, 86054, 7162, 6222, 17936, 108605, 25837, 22729, 3059, 90322, 35734, 122959, 32736, 776, 31770, 45041, 697, 30077, 1016, 1016, 3428, 63948, 5678, 6877, 2162, 28408, 3446, 67475, 79543, 1146, 102743, 10579, 41145, 3346, 68407, 7204, 19466, 55132, 137023, 18169, 41553, 1029, 5580, 11947, 109376, 45785, 24388, 1509, 881, 26265, 145766, 78247, 760, 2252, 19306, 90846, 1638, 29501, 85533, 22765, 12865, 8821, 5717, 4856, 6780, 19640, 22846, 13556, 1384, 5193, 72295, 81626, 8339, 43038, 60447, 106131, 1011, 8827, 44325, 27329, 19059, 4614, 4408, 17071, 3709, 50443, 7107, 2086, 888, 37335, 17497, 33091, 1333, 54192, 54786, 47690, 57926, 6418, 2148, 27432, 96868, 2192, 85377, 10221]",697,193423,11552.0,1
Vibrio europaeus,['/data/genomes/GenSeq_fastas/train/GCF_001695575.1_ASM169557v1_genomic.fna'],8,"[2211140, 270453, 269204, 248225, 194054, 96863, 1788614, 4855]",4855,2211140,258714.5,1
Vibrio ruber,['/data/genomes/GenSeq_fastas/train/GCF_900163965.1_V_ruber_CECT7878T_Velvet_Prokka_EMBL_genomic.fna'],103,"[1407, 1431, 1323, 1712, 78034, 941, 82918, 110014, 118421, 135609, 10781, 83792, 33385, 34799, 1417, 787, 1219, 313878, 80064, 21747, 67842, 75716, 5620, 17280, 48560, 145639, 83518, 118552, 15015, 53203, 342075, 163422, 64818, 102712, 45322, 138123, 2398, 27828, 53356, 111602, 29245, 1109, 65725, 75704, 4312, 2429, 88882, 2528, 28703, 26928, 41259, 16606, 1002, 3424, 10495, 1170, 32789, 114126, 9589, 29426, 52857, 20115, 1451, 111468, 104143, 7055, 4198, 931, 54133, 27833, 27549, 57663, 26295, 3255, 5804, 3948, 24211, 4822, 930, 872, 123409, 26690, 29545, 60698, 151281, 10907, 156464, 920, 51102, 792, 2900, 29838, 768, 6485, 2650, 1514, 36829, 1376, 768, 3106, 1175, 1112, 1404]",768,342075,26690.0,1
Vibrio xiamenensis,['/data/genomes/GenSeq_fastas/train/GCF_900100015.1_IMG-taxon_2617270927_annotated_assembly_genomic.fna'],82,"[1219, 1250, 1791, 1999, 2885, 3067, 4114, 1091, 4840, 5331, 6048, 8660, 8816, 9756, 10658, 14740, 15603, 15567, 4133, 19128, 19418, 23269, 113249, 358362, 6720, 129643, 143986, 14261, 373410, 307714, 98163, 90891, 2576, 97113, 128204, 1891, 64885, 145684, 171764, 71485, 7589, 13282, 193376, 232575, 108749, 161578, 141346, 28965, 216497, 146207, 184648, 87513, 3605, 36764, 102433, 86618, 81768, 1752, 4384, 97136, 78166, 4755, 77611, 76265, 72035, 62340, 60838, 2476, 52173, 49516, 26728, 44045, 10020, 45215, 42142, 37309, 40678, 36761, 1774, 126872, 85300, 28058]",1091,373410,38993.5,1
